{
  "Ё": {
    "entry": [
      14.0,
      306.0
    ],
    "exit": [
      140.0,
      319.0
    ]
  },
  "А": {
    "entry": [
      23.0,
      185.0
    ],
    "exit": [
      130.0,
      258.0
    ]
  },
  "Б": {
    "entry": [
      14.0,
      215.0
    ],
    "exit": [
      95.0,
      210.0
    ]
  },
  "В": {
    "entry": [
      10.0,
      210.0
    ],
    "exit": [
      91.0,
      212.0
    ]
  },
  "Г": {
    "entry": [
      29.0,
      321.0
    ],
    "exit": [
      83.0,
      297.0
    ]
  },
  "Д": {
    "entry": [
      32.0,
      278.0
    ],
    "exit": [
      144.0,
      279.0
    ]
  },
  "Е": {
    "entry": [
      7.0,
      228.0
    ],
    "exit": [
      121.0,
      271.0
    ]
  },
  "Ж": {
    "entry": [
      30.0,
      168.0
    ],
    "exit": [
      223.0,
      182.0
    ]
  },
  "З": {
    "entry": [
      9.0,
      330.0
    ],
    "exit": [
      156.0,
      296.0
    ]
  },
  "И": {
    "entry": [
      16.0,
      198.0
    ],
    "exit": [
      119.0,
      258.0
    ]
  },
  "Й": {
    "entry": [
      20.0,
      313.0
    ],
    "exit": [
      151.0,
      305.0
    ]
  },
  "К": {
    "entry": [
      15.0,
      178.0
    ],
    "exit": [
      121.0,
      192.0
    ]
  },
  "Л": {
    "entry": [
      40.46611384921527,
      182.57545854803425
    ],
    "exit": [
      111.83941701633512,
      192.77164471476567
    ]
  },
  "М": {
    "entry": [
      32.0,
      200.0
    ],
    "exit": [
      191.0,
      219.0
    ]
  },
  "Н": {
    "entry": [
      20.0,
      287.0
    ],
    "exit": [
      140.0,
      280.0
    ]
  },
  "О": {
    "entry": [
      21.0,
      221.0
    ],
    "exit": [
      103.0,
      220.0
    ]
  },
  "П": {
    "entry": [
      35.0,
      169.0
    ],
    "exit": [
      138.0,
      186.0
    ]
  },
  "Р": {
    "entry": [
      36.0,
      311.0
    ],
    "exit": [
      95.0,
      285.0
    ]
  },
  "С": {
    "entry": [
      162.0,
      288.0
    ],
    "exit": [
      233.0,
      303.0
    ]
  },
  "Т": {
    "entry": [
      29.0,
      216.0
    ],
    "exit": [
      226.0,
      218.0
    ]
  },
  "У": {
    "entry": [
      18.0,
      218.0
    ],
    "exit": [
      107.0,
      214.0
    ]
  },
  "Ф": {
    "entry": [
      17.0,
      234.0
    ],
    "exit": [
      107.0,
      200.0
    ]
  },
  "Х": {
    "exit": [
      162.0,
      253.0
    ],
    "entry": [
      12.0,
      261.0
    ]
  },
  "Ц": {
    "entry": [
      51.0,
      189.0
    ],
    "exit": [
      192.0,
      184.0
    ]
  },
  "Ч": {
    "entry": [
      81.0,
      250.0
    ],
    "exit": [
      189.0,
      225.0
    ]
  },
  "Ш": {
    "entry": [
      9.0,
      216.0
    ],
    "exit": [
      187.0,
      256.0
    ]
  },
  "Щ": {
    "entry": [
      12.0,
      193.0
    ],
    "exit": [
      223.0,
      208.0
    ]
  },
  "Э": {
    "entry": [
      8.0,
      232.0
    ],
    "exit": [
      103.0,
      211.0
    ]
  },
  "Ю": {
    "entry": [
      29.0,
      201.0
    ],
    "exit": [
      167.0,
      202.0
    ]
  },
  "Я": {
    "entry": [
      8.0,
      225.0
    ],
    "exit": [
      150.0,
      229.0
    ]
  },
  "аl": {
    "entry": [
      21.0,
      97.0
    ],
    "exit": [
      112.0,
      102.0
    ]
  },
  "бl": {
    "entry": [
      12.0,
      280.0
    ],
    "exit": [
      77.0,
      251.0
    ]
  },
  "вl": {
    "entry": [
      23.0,
      252.0
    ],
    "exit": [
      75.0,
      244.0
    ]
  },
  "гl": {
    "entry": [
      31.0,
      158.0
    ],
    "exit": [
      77.0,
      159.0
    ]
  },
  "дl": {
    "entry": [
      44.0,
      63.0
    ],
    "exit": [
      99.0,
      118.0
    ]
  },
  "еl": {
    "entry": [
      12.0,
      91.0
    ],
    "exit": [
      72.0,
      141.0
    ]
  },
  "жl": {
    "entry": [
      10.0,
      18.0
    ],
    "exit": [
      139.0,
      109.0
    ]
  },
  "зl": {
    "entry": [
      46.0,
      32.0
    ],
    "exit": [
      60.0,
      139.0
    ]
  },
  "иl": {
    "entry": [
      28.0,
      9.0
    ],
    "exit": [
      94.0,
      91.0
    ]
  },
  "йl": {
    "entry": [
      25.0,
      110.0
    ],
    "exit": [
      127.0,
      183.0
    ]
  },
  "кl": {
    "entry": [
      24.0,
      17.0
    ],
    "exit": [
      100.0,
      119.0
    ]
  },
  "лl": {
    "entry": [
      15.0,
      96.0
    ],
    "exit": [
      92.0,
      87.0
    ]
  },
  "мl": {
    "entry": [
      17.0,
      84.0
    ],
    "exit": [
      137.0,
      86.0
    ]
  },
  "нl": {
    "entry": [
      35.0,
      13.0
    ],
    "exit": [
      88.0,
      98.0
    ]
  },
  "оl": {
    "entry": [
      14.0,
      53.0
    ],
    "exit": [
      84.0,
      49.0
    ]
  },
  "пl": {
    "entry": [
      33.0,
      11.0
    ],
    "exit": [
      74.0,
      62.0
    ]
  },
  "рl": {
    "entry": [
      39.0,
      65.0
    ],
    "exit": [
      108.0,
      76.0
    ]
  },
  "сl": {
    "entry": [
      23.0,
      35.0
    ],
    "exit": [
      51.0,
      111.0
    ]
  },
  "тl": {
    "entry": [
      12.0,
      46.0
    ],
    "exit": [
      29.0,
      120.0
    ]
  },
  "уl": {
    "entry": [
      23.0,
      38.0
    ],
    "exit": [
      83.0,
      88.0
    ]
  },
  "фl": {
    "entry": [
      69.0,
      27.0
    ],
    "exit": [
      175.0,
      59.0
    ]
  },
  "хl": {
    "entry": [
      42.0,
      17.0
    ],
    "exit": [
      87.0,
      94.0
    ]
  },
  "цl": {
    "entry": [
      12.0,
      34.0
    ],
    "exit": [
      75.0,
      70.0
    ]
  },
  "чl": {
    "entry": [
      28.0,
      13.0
    ],
    "exit": [
      123.0,
      162.0
    ]
  },
  "шl": {
    "entry": [
      18.0,
      15.0
    ],
    "exit": [
      141.0,
      106.0
    ]
  },
  "щl": {
    "entry": [
      19.0,
      10.0
    ],
    "exit": [
      129.0,
      100.0
    ]
  },
  "ъl": {
    "entry": [
      5.0,
      23.0
    ],
    "exit": [
      76.0,
      126.0
    ]
  },
  "ыl": {
    "entry": [
      26.0,
      9.0
    ],
    "exit": [
      137.0,
      89.0
    ]
  },
  "ьl": {
    "entry": [
      22.0,
      17.0
    ],
    "exit": [
      46.0,
      100.0
    ]
  },
  "эl": {
    "entry": [
      33.0,
      18.0
    ],
    "exit": [
      65.0,
      120.0
    ]
  },
  "юl": {
    "entry": [
      34.0,
      9.0
    ],
    "exit": [
      113.0,
      63.0
    ]
  },
  "яl": {
    "entry": [
      20.0,
      97.0
    ],
    "exit": [
      104.0,
      86.0
    ]
  },
  "ёl": {
    "entry": [
      8.0,
      130.0
    ],
    "exit": [
      91.0,
      150.0
    ]
  }
}